Respuesta, Fecha, Tipo, resultado
"b'{""message_id"":1}'",2023-02-26 01:08:34.050306,PEDIDOS,SUCCESS
"b'{""message_id"":1}'",2023-02-26 01:08:35.431239,CLIENTES,SUCCESS
"b'{""message_id"":1}'",2023-02-26 01:08:36.840188,CLIENTES,SUCCESS
b'Server Error',2023-02-26 01:08:38.210927,PEDIDOS,ERROR
"b'{""message_id"":1}'",2023-02-26 01:08:39.570488,PEDIDOS,SUCCESS
"b'{""message_id"":1}'",2023-02-26 01:08:40.938765,CLIENTES,SUCCESS
"b'{""message_id"":1}'",2023-02-26 01:08:42.317228,PEDIDOS,SUCCESS
"b'{""message_id"":1}'",2023-02-26 01:08:43.662832,CLIENTES,SUCCESS
"b'{""message_id"":1}'",2023-02-26 01:08:45.012253,PEDIDOS,SUCCESS
"b'{""message_id"":1}'",2023-02-26 01:08:46.351943,CLIENTES,SUCCESS
"b'{""message_id"":1}'",2023-02-26 01:08:47.700211,CLIENTES,SUCCESS
"b'{""message_id"":1}'",2023-02-26 01:08:49.112947,PEDIDOS,SUCCESS
"b'{""message_id"":1}'",2023-02-26 01:08:50.461393,PEDIDOS,SUCCESS
"b'{""message_id"":1}'",2023-02-26 01:08:51.813765,PEDIDOS,SUCCESS
"b'{""message_id"":1}'",2023-02-26 01:08:53.162369,PEDIDOS,SUCCESS
"b'{""message_id"":1}'",2023-02-26 01:08:54.529174,CLIENTES,SUCCESS
"b'{""message_id"":1}'",2023-02-26 01:08:55.883410,CLIENTES,SUCCESS
"b'{""message_id"":1}'",2023-02-26 01:08:57.239034,CLIENTES,SUCCESS
"b'{""message_id"":1}'",2023-02-26 01:08:58.582849,PEDIDOS,SUCCESS
"b'{""message_id"":1}'",2023-02-26 01:09:00.021756,CLIENTES,SUCCESS
"b'{""message_id"":1}'",2023-02-26 01:09:01.379069,PEDIDOS,SUCCESS
"b'{""message_id"":1}'",2023-02-26 01:09:02.726479,CLIENTES,SUCCESS
"b'{""message_id"":1}'",2023-02-26 01:09:04.120390,PEDIDOS,SUCCESS
"b'{""message_id"":1}'",2023-02-26 01:09:05.478452,PEDIDOS,SUCCESS
b'Server Error',2023-02-26 01:09:06.831618,CLIENTES,ERROR
"b'{""message_id"":1}'",2023-02-26 01:09:08.212628,PEDIDOS,SUCCESS
"b'{""message_id"":1}'",2023-02-26 01:09:09.574443,PEDIDOS,SUCCESS
b'Server Error',2023-02-26 01:09:10.916424,PEDIDOS,ERROR
"b'{""message_id"":1}'",2023-02-26 01:09:12.263696,PEDIDOS,SUCCESS
"b'{""message_id"":1}'",2023-02-26 01:09:13.612559,CLIENTES,SUCCESS
"b'{""message_id"":1}'",2023-02-26 01:09:14.970509,CLIENTES,SUCCESS
"b'{""message_id"":1}'",2023-02-26 01:09:16.315181,CLIENTES,SUCCESS
b'Server Error',2023-02-26 01:09:17.669506,CLIENTES,ERROR
"b'{""message_id"":1}'",2023-02-26 01:09:19.134407,CLIENTES,SUCCESS
"b'{""message_id"":1}'",2023-02-26 01:09:20.492002,CLIENTES,SUCCESS
"b'{""message_id"":1}'",2023-02-26 01:09:21.861991,CLIENTES,SUCCESS
"b'{""message_id"":1}'",2023-02-26 01:09:23.227025,PEDIDOS,SUCCESS
"b'{""message_id"":1}'",2023-02-26 01:09:24.569348,CLIENTES,SUCCESS
b'Server Error',2023-02-26 01:09:25.930258,CLIENTES,ERROR
"b'{""message_id"":1}'",2023-02-26 01:09:27.280623,CLIENTES,SUCCESS
"b'{""message_id"":1}'",2023-02-26 01:09:28.641356,CLIENTES,SUCCESS
"b'{""message_id"":1}'",2023-02-26 01:09:30.015082,CLIENTES,SUCCESS
"b'{""message_id"":1}'",2023-02-26 01:09:31.359214,CLIENTES,SUCCESS
"b'{""message_id"":1}'",2023-02-26 01:09:32.722662,PEDIDOS,SUCCESS
"b'{""message_id"":1}'",2023-02-26 01:09:34.085697,CLIENTES,SUCCESS
"b'{""message_id"":1}'",2023-02-26 01:09:35.520859,PEDIDOS,SUCCESS
b'Server Error',2023-02-26 01:09:36.872909,PEDIDOS,ERROR
"b'{""message_id"":1}'",2023-02-26 01:09:38.245923,CLIENTES,SUCCESS
b'Server Error',2023-02-26 01:09:39.594406,CLIENTES,ERROR
b'Server Error',2023-02-26 01:09:40.952666,PEDIDOS,ERROR
b'Server Error',2023-02-26 01:09:42.319991,CLIENTES,ERROR
b'Server Error',2023-02-26 01:09:43.686556,PEDIDOS,ERROR
"b'{""message_id"":1}'",2023-02-26 01:09:45.040841,CLIENTES,SUCCESS
"b'{""message_id"":1}'",2023-02-26 01:09:46.389584,CLIENTES,SUCCESS
"b'{""message_id"":1}'",2023-02-26 01:09:47.749088,PEDIDOS,SUCCESS
"b'{""message_id"":1}'",2023-02-26 01:09:49.104313,PEDIDOS,SUCCESS
"b'{""message_id"":1}'",2023-02-26 01:09:50.486129,PEDIDOS,SUCCESS
"b'{""message_id"":1}'",2023-02-26 01:09:51.833442,PEDIDOS,SUCCESS
"b'{""message_id"":1}'",2023-02-26 01:09:53.184265,PEDIDOS,SUCCESS
b'Server Error',2023-02-26 01:09:54.570773,CLIENTES,ERROR
"b'{""message_id"":1}'",2023-02-26 01:09:55.916013,PEDIDOS,SUCCESS
"b'{""message_id"":1}'",2023-02-26 01:09:57.304299,CLIENTES,SUCCESS
b'Server Error',2023-02-26 01:09:58.661645,PEDIDOS,ERROR
"b'{""message_id"":1}'",2023-02-26 01:10:00.116126,PEDIDOS,SUCCESS
"b'{""message_id"":1}'",2023-02-26 01:10:01.463060,PEDIDOS,SUCCESS
b'Server Error',2023-02-26 01:10:02.826735,PEDIDOS,ERROR
"b'{""message_id"":1}'",2023-02-26 01:10:04.192051,CLIENTES,SUCCESS
"b'{""message_id"":1}'",2023-02-26 01:10:05.545988,PEDIDOS,SUCCESS
b'Server Error',2023-02-26 01:10:06.939856,CLIENTES,ERROR
"b'{""message_id"":1}'",2023-02-26 01:10:08.295834,PEDIDOS,SUCCESS
"b'{""message_id"":1}'",2023-02-26 01:10:09.648583,PEDIDOS,SUCCESS
b'Server Error',2023-02-26 01:10:10.997977,PEDIDOS,ERROR
"b'{""message_id"":1}'",2023-02-26 01:10:12.371383,CLIENTES,SUCCESS
b'Server Error',2023-02-26 01:10:13.730749,CLIENTES,ERROR
"b'{""message_id"":1}'",2023-02-26 01:10:15.108669,CLIENTES,SUCCESS
"b'{""message_id"":1}'",2023-02-26 01:10:16.448505,PEDIDOS,SUCCESS
"b'{""message_id"":1}'",2023-02-26 01:10:17.801696,PEDIDOS,SUCCESS
"b'{""message_id"":1}'",2023-02-26 01:10:19.151955,PEDIDOS,SUCCESS
"b'{""message_id"":1}'",2023-02-26 01:10:20.484820,PEDIDOS,SUCCESS
"b'{""message_id"":1}'",2023-02-26 01:10:21.831327,CLIENTES,SUCCESS
"b'{""message_id"":1}'",2023-02-26 01:10:23.180255,PEDIDOS,SUCCESS
"b'{""message_id"":1}'",2023-02-26 01:10:24.532539,CLIENTES,SUCCESS
"b'{""message_id"":1}'",2023-02-26 01:10:25.885392,PEDIDOS,SUCCESS
"b'{""message_id"":1}'",2023-02-26 01:10:27.240901,CLIENTES,SUCCESS
"b'{""message_id"":1}'",2023-02-26 01:10:28.577196,CLIENTES,SUCCESS
"b'{""message_id"":1}'",2023-02-26 01:10:29.937705,CLIENTES,SUCCESS
b'Server Error',2023-02-26 01:10:31.294614,PEDIDOS,ERROR
"b'{""message_id"":1}'",2023-02-26 01:10:32.644095,CLIENTES,SUCCESS
"b'{""message_id"":1}'",2023-02-26 01:10:34.084629,PEDIDOS,SUCCESS
b'Server Error',2023-02-26 01:10:35.443978,CLIENTES,ERROR
b'Server Error',2023-02-26 01:10:36.815740,PEDIDOS,ERROR
"b'{""message_id"":1}'",2023-02-26 01:10:38.166042,PEDIDOS,SUCCESS
"b'{""message_id"":1}'",2023-02-26 01:10:39.552625,PEDIDOS,SUCCESS
"b'{""message_id"":1}'",2023-02-26 01:10:40.889516,PEDIDOS,SUCCESS
"b'{""message_id"":1}'",2023-02-26 01:10:42.239301,CLIENTES,SUCCESS
"b'{""message_id"":1}'",2023-02-26 01:10:43.591758,CLIENTES,SUCCESS
"b'{""message_id"":1}'",2023-02-26 01:10:44.952471,CLIENTES,SUCCESS
"b'{""message_id"":1}'",2023-02-26 01:10:46.298248,PEDIDOS,SUCCESS
"b'{""message_id"":1}'",2023-02-26 01:10:47.647008,PEDIDOS,SUCCESS
"b'{""message_id"":1}'",2023-02-26 01:10:48.993560,PEDIDOS,SUCCESS
"b'{""message_id"":1}'",2023-02-26 01:10:50.355617,PEDIDOS,SUCCESS
"b'{""message_id"":1}'",2023-02-26 01:10:51.726251,PEDIDOS,SUCCESS
"b'{""message_id"":1}'",2023-02-26 01:10:53.078516,PEDIDOS,SUCCESS
"b'{""message_id"":1}'",2023-02-26 01:10:54.535153,CLIENTES,SUCCESS
"b'{""message_id"":1}'",2023-02-26 01:10:55.882947,CLIENTES,SUCCESS
"b'{""message_id"":1}'",2023-02-26 01:10:57.235764,CLIENTES,SUCCESS
"b'{""message_id"":1}'",2023-02-26 01:10:58.611250,CLIENTES,SUCCESS
"b'{""message_id"":1}'",2023-02-26 01:10:59.966835,CLIENTES,SUCCESS
b'Server Error',2023-02-26 01:11:01.307193,CLIENTES,ERROR
"b'{""message_id"":1}'",2023-02-26 01:11:02.642010,PEDIDOS,SUCCESS
"b'{""message_id"":1}'",2023-02-26 01:11:04.001587,PEDIDOS,SUCCESS
"b'{""message_id"":1}'",2023-02-26 01:11:05.339686,PEDIDOS,SUCCESS
"b'{""message_id"":1}'",2023-02-26 01:11:06.691527,PEDIDOS,SUCCESS
b'Server Error',2023-02-26 01:11:08.025125,PEDIDOS,ERROR
"b'{""message_id"":1}'",2023-02-26 01:11:09.380676,PEDIDOS,SUCCESS
"b'{""message_id"":1}'",2023-02-26 01:11:10.737806,CLIENTES,SUCCESS
"b'{""message_id"":1}'",2023-02-26 01:11:12.096672,PEDIDOS,SUCCESS
"b'{""message_id"":1}'",2023-02-26 01:11:13.456063,PEDIDOS,SUCCESS
"b'{""message_id"":1}'",2023-02-26 01:11:14.823485,CLIENTES,SUCCESS
"b'{""message_id"":1}'",2023-02-26 01:11:16.161056,CLIENTES,SUCCESS
"b'{""message_id"":1}'",2023-02-26 01:11:17.508154,PEDIDOS,SUCCESS
"b'{""message_id"":1}'",2023-02-26 01:11:18.863150,CLIENTES,SUCCESS
"b'{""message_id"":1}'",2023-02-26 01:11:20.222428,PEDIDOS,SUCCESS
b'Server Error',2023-02-26 01:11:21.589148,PEDIDOS,ERROR
"b'{""message_id"":1}'",2023-02-26 01:11:22.940547,PEDIDOS,SUCCESS
"b'{""message_id"":1}'",2023-02-26 01:11:24.323135,CLIENTES,SUCCESS
"b'{""message_id"":1}'",2023-02-26 01:11:25.686595,CLIENTES,SUCCESS
"b'{""message_id"":1}'",2023-02-26 01:11:27.105772,CLIENTES,SUCCESS
"b'{""message_id"":1}'",2023-02-26 01:11:28.451510,PEDIDOS,SUCCESS
b'Server Error',2023-02-26 01:11:29.804025,PEDIDOS,ERROR
"b'{""message_id"":1}'",2023-02-26 01:11:31.154480,CLIENTES,SUCCESS
"b'{""message_id"":1}'",2023-02-26 01:11:32.511856,PEDIDOS,SUCCESS
"b'{""message_id"":1}'",2023-02-26 01:11:33.875446,PEDIDOS,SUCCESS
"b'{""message_id"":1}'",2023-02-26 01:11:35.234286,CLIENTES,SUCCESS
"b'{""message_id"":1}'",2023-02-26 01:11:36.576106,CLIENTES,SUCCESS
"b'{""message_id"":1}'",2023-02-26 01:11:37.921933,CLIENTES,SUCCESS
"b'{""message_id"":1}'",2023-02-26 01:11:39.284298,CLIENTES,SUCCESS
"b'{""message_id"":1}'",2023-02-26 01:11:40.642683,CLIENTES,SUCCESS
b'Server Error',2023-02-26 01:11:42.002978,PEDIDOS,ERROR
"b'{""message_id"":1}'",2023-02-26 01:11:43.362094,CLIENTES,SUCCESS
"b'{""message_id"":1}'",2023-02-26 01:11:44.708714,PEDIDOS,SUCCESS
"b'{""message_id"":1}'",2023-02-26 01:11:46.078986,CLIENTES,SUCCESS
"b'{""message_id"":1}'",2023-02-26 01:11:47.461597,PEDIDOS,SUCCESS
"b'{""message_id"":1}'",2023-02-26 01:11:48.822431,PEDIDOS,SUCCESS
"b'{""message_id"":1}'",2023-02-26 01:11:50.186795,PEDIDOS,SUCCESS
"b'{""message_id"":1}'",2023-02-26 01:11:51.535207,PEDIDOS,SUCCESS
"b'{""message_id"":1}'",2023-02-26 01:11:52.892669,CLIENTES,SUCCESS
"b'{""message_id"":1}'",2023-02-26 01:11:54.259699,CLIENTES,SUCCESS
"b'{""message_id"":1}'",2023-02-26 01:11:55.624942,PEDIDOS,SUCCESS
b'Server Error',2023-02-26 01:11:56.991892,CLIENTES,ERROR
"b'{""message_id"":1}'",2023-02-26 01:11:58.345407,CLIENTES,SUCCESS
"b'{""message_id"":1}'",2023-02-26 01:11:59.703027,CLIENTES,SUCCESS
"b'{""message_id"":1}'",2023-02-26 01:12:01.070955,PEDIDOS,SUCCESS
"b'{""message_id"":1}'",2023-02-26 01:12:02.419683,CLIENTES,SUCCESS
"b'{""message_id"":1}'",2023-02-26 01:12:03.775035,CLIENTES,SUCCESS
"b'{""message_id"":1}'",2023-02-26 01:12:05.119487,CLIENTES,SUCCESS
"b'{""message_id"":1}'",2023-02-26 01:12:06.471879,CLIENTES,SUCCESS
"b'{""message_id"":1}'",2023-02-26 01:12:07.832361,PEDIDOS,SUCCESS
"b'{""message_id"":1}'",2023-02-26 01:12:09.183398,PEDIDOS,SUCCESS
"b'{""message_id"":1}'",2023-02-26 01:12:10.556865,CLIENTES,SUCCESS
"b'{""message_id"":1}'",2023-02-26 01:12:11.929085,CLIENTES,SUCCESS
"b'{""message_id"":1}'",2023-02-26 01:12:13.274894,CLIENTES,SUCCESS
"b'{""message_id"":1}'",2023-02-26 01:12:14.638890,CLIENTES,SUCCESS
"b'{""message_id"":1}'",2023-02-26 01:12:15.987808,CLIENTES,SUCCESS
"b'{""message_id"":1}'",2023-02-26 01:12:17.345487,CLIENTES,SUCCESS
"b'{""message_id"":1}'",2023-02-26 01:12:18.709115,PEDIDOS,SUCCESS
"b'{""message_id"":1}'",2023-02-26 01:12:20.078768,CLIENTES,SUCCESS
"b'{""message_id"":1}'",2023-02-26 01:12:21.462471,PEDIDOS,SUCCESS
"b'{""message_id"":1}'",2023-02-26 01:12:22.815321,PEDIDOS,SUCCESS
"b'{""message_id"":1}'",2023-02-26 01:12:24.178970,CLIENTES,SUCCESS
"b'{""message_id"":1}'",2023-02-26 01:12:25.537230,PEDIDOS,SUCCESS
"b'{""message_id"":1}'",2023-02-26 01:12:26.904127,CLIENTES,SUCCESS
"b'{""message_id"":1}'",2023-02-26 01:12:28.248958,CLIENTES,SUCCESS
b'Server Error',2023-02-26 01:12:29.606322,PEDIDOS,ERROR
"b'{""message_id"":1}'",2023-02-26 01:12:30.969438,PEDIDOS,SUCCESS
"b'{""message_id"":1}'",2023-02-26 01:12:32.335006,CLIENTES,SUCCESS
"b'{""message_id"":1}'",2023-02-26 01:12:33.670435,PEDIDOS,SUCCESS
"b'{""message_id"":1}'",2023-02-26 01:12:35.012660,PEDIDOS,SUCCESS
"b'{""message_id"":1}'",2023-02-26 01:12:36.362091,PEDIDOS,SUCCESS
"b'{""message_id"":1}'",2023-02-26 01:12:37.718783,PEDIDOS,SUCCESS
b'Server Error',2023-02-26 01:12:39.082483,CLIENTES,ERROR
"b'{""message_id"":1}'",2023-02-26 01:12:40.433691,PEDIDOS,SUCCESS
"b'{""message_id"":1}'",2023-02-26 01:12:41.769238,CLIENTES,SUCCESS
b'Server Error',2023-02-26 01:12:43.122002,PEDIDOS,ERROR
"b'{""message_id"":1}'",2023-02-26 01:12:44.491097,CLIENTES,SUCCESS
"b'{""message_id"":1}'",2023-02-26 01:12:45.847485,PEDIDOS,SUCCESS
b'Server Error',2023-02-26 01:12:47.196887,PEDIDOS,ERROR
b'Server Error',2023-02-26 01:12:48.543754,PEDIDOS,ERROR
"b'{""message_id"":1}'",2023-02-26 01:12:49.887234,CLIENTES,SUCCESS
"b'{""message_id"":1}'",2023-02-26 01:12:51.228599,CLIENTES,SUCCESS
b'Server Error',2023-02-26 01:12:52.575400,PEDIDOS,ERROR
"b'{""message_id"":1}'",2023-02-26 01:12:53.906568,PEDIDOS,SUCCESS
"b'{""message_id"":1}'",2023-02-26 01:12:55.386714,PEDIDOS,SUCCESS
"b'{""message_id"":1}'",2023-02-26 01:12:56.740534,PEDIDOS,SUCCESS
"b'{""message_id"":1}'",2023-02-26 01:12:58.076069,CLIENTES,SUCCESS
"b'{""message_id"":1}'",2023-02-26 01:12:59.437966,PEDIDOS,SUCCESS
"b'{""message_id"":1}'",2023-02-26 01:13:00.777898,PEDIDOS,SUCCESS
"b'{""message_id"":1}'",2023-02-26 01:13:02.138285,PEDIDOS,SUCCESS
"b'{""message_id"":1}'",2023-02-26 01:13:03.498942,CLIENTES,SUCCESS
"b'{""message_id"":1}'",2023-02-26 01:13:04.840645,CLIENTES,SUCCESS
"b'{""message_id"":1}'",2023-02-26 01:13:06.201084,PEDIDOS,SUCCESS
"b'{""message_id"":1}'",2023-02-26 01:13:07.553722,CLIENTES,SUCCESS
"b'{""message_id"":1}'",2023-02-26 01:13:08.904449,CLIENTES,SUCCESS
"b'{""message_id"":1}'",2023-02-26 01:13:10.246420,PEDIDOS,SUCCESS
"b'{""message_id"":1}'",2023-02-26 01:13:11.588639,PEDIDOS,SUCCESS
"b'{""message_id"":1}'",2023-02-26 01:13:12.942005,CLIENTES,SUCCESS
"b'{""message_id"":1}'",2023-02-26 01:13:14.283570,CLIENTES,SUCCESS
b'Server Error',2023-02-26 01:13:15.710328,CLIENTES,ERROR
"b'{""message_id"":1}'",2023-02-26 01:13:17.111081,PEDIDOS,SUCCESS
b'Server Error',2023-02-26 01:13:18.462670,PEDIDOS,ERROR
"b'{""message_id"":1}'",2023-02-26 01:13:19.814907,CLIENTES,SUCCESS
"b'{""message_id"":1}'",2023-02-26 01:13:21.152353,PEDIDOS,SUCCESS
b'Server Error',2023-02-26 01:13:22.490511,PEDIDOS,ERROR
"b'{""message_id"":1}'",2023-02-26 01:13:23.829405,CLIENTES,SUCCESS
"b'{""message_id"":1}'",2023-02-26 01:13:25.174743,PEDIDOS,SUCCESS
"b'{""message_id"":1}'",2023-02-26 01:13:26.513832,PEDIDOS,SUCCESS
"b'{""message_id"":1}'",2023-02-26 01:13:27.868044,PEDIDOS,SUCCESS
"b'{""message_id"":1}'",2023-02-26 01:13:29.223255,CLIENTES,SUCCESS
"b'{""message_id"":1}'",2023-02-26 01:13:30.574758,CLIENTES,SUCCESS
b'Server Error',2023-02-26 01:13:31.920164,CLIENTES,ERROR
"b'{""message_id"":1}'",2023-02-26 01:13:33.255508,PEDIDOS,SUCCESS
"b'{""message_id"":1}'",2023-02-26 01:13:34.608636,PEDIDOS,SUCCESS
"b'{""message_id"":1}'",2023-02-26 01:13:35.943789,CLIENTES,SUCCESS
b'Server Error',2023-02-26 01:13:37.272185,PEDIDOS,ERROR
"b'{""message_id"":1}'",2023-02-26 01:13:38.624178,CLIENTES,SUCCESS
b'Server Error',2023-02-26 01:13:39.978994,PEDIDOS,ERROR
"b'{""message_id"":1}'",2023-02-26 01:13:41.346433,PEDIDOS,SUCCESS
"b'{""message_id"":1}'",2023-02-26 01:13:42.702658,CLIENTES,SUCCESS
"b'{""message_id"":1}'",2023-02-26 01:13:44.067515,CLIENTES,SUCCESS
"b'{""message_id"":1}'",2023-02-26 01:13:45.437381,CLIENTES,SUCCESS
"b'{""message_id"":1}'",2023-02-26 01:13:46.913405,PEDIDOS,SUCCESS
"b'{""message_id"":1}'",2023-02-26 01:13:48.287760,PEDIDOS,SUCCESS
"b'{""message_id"":1}'",2023-02-26 01:13:49.684095,PEDIDOS,SUCCESS
"b'{""message_id"":1}'",2023-02-26 01:13:51.046698,CLIENTES,SUCCESS
"b'{""message_id"":1}'",2023-02-26 01:13:52.398613,CLIENTES,SUCCESS
b'Server Error',2023-02-26 01:13:53.761550,CLIENTES,ERROR
"b'{""message_id"":1}'",2023-02-26 01:13:55.094713,PEDIDOS,SUCCESS
"b'{""message_id"":1}'",2023-02-26 01:13:56.478269,PEDIDOS,SUCCESS
b'Server Error',2023-02-26 01:13:57.834535,PEDIDOS,ERROR
"b'{""message_id"":1}'",2023-02-26 01:13:59.194312,PEDIDOS,SUCCESS
"b'{""message_id"":1}'",2023-02-26 01:14:00.584424,PEDIDOS,SUCCESS
"b'{""message_id"":1}'",2023-02-26 01:14:01.939715,CLIENTES,SUCCESS
"b'{""message_id"":1}'",2023-02-26 01:14:03.285689,CLIENTES,SUCCESS
"b'{""message_id"":1}'",2023-02-26 01:14:04.622453,CLIENTES,SUCCESS
b'Server Error',2023-02-26 01:14:05.981524,PEDIDOS,ERROR
"b'{""message_id"":1}'",2023-02-26 01:14:07.335399,CLIENTES,SUCCESS
"b'{""message_id"":1}'",2023-02-26 01:14:08.673163,PEDIDOS,SUCCESS
b'Server Error',2023-02-26 01:14:10.063410,CLIENTES,ERROR
"b'{""message_id"":1}'",2023-02-26 01:14:11.418347,CLIENTES,SUCCESS
b'Server Error',2023-02-26 01:14:12.784021,PEDIDOS,ERROR
"b'{""message_id"":1}'",2023-02-26 01:14:14.148167,CLIENTES,SUCCESS
"b'{""message_id"":1}'",2023-02-26 01:14:15.488535,CLIENTES,SUCCESS
"b'{""message_id"":1}'",2023-02-26 01:14:16.844616,CLIENTES,SUCCESS
"b'{""message_id"":1}'",2023-02-26 01:14:18.203008,PEDIDOS,SUCCESS
"b'{""message_id"":1}'",2023-02-26 01:14:19.717223,CLIENTES,SUCCESS
"b'{""message_id"":1}'",2023-02-26 01:14:21.074317,PEDIDOS,SUCCESS
"b'{""message_id"":1}'",2023-02-26 01:14:22.449542,PEDIDOS,SUCCESS
b'Server Error',2023-02-26 01:14:23.824367,PEDIDOS,ERROR
"b'{""message_id"":1}'",2023-02-26 01:14:25.167277,CLIENTES,SUCCESS
b'Server Error',2023-02-26 01:14:26.518299,PEDIDOS,ERROR
"b'{""message_id"":1}'",2023-02-26 01:14:27.871135,PEDIDOS,SUCCESS
"b'{""message_id"":1}'",2023-02-26 01:14:29.240662,CLIENTES,SUCCESS
b'Server Error',2023-02-26 01:14:30.584853,CLIENTES,ERROR
"b'{""message_id"":1}'",2023-02-26 01:14:31.941956,CLIENTES,SUCCESS
"b'{""message_id"":1}'",2023-02-26 01:14:33.293604,CLIENTES,SUCCESS
"b'{""message_id"":1}'",2023-02-26 01:14:34.647089,PEDIDOS,SUCCESS
"b'{""message_id"":1}'",2023-02-26 01:14:36.003674,CLIENTES,SUCCESS
"b'{""message_id"":1}'",2023-02-26 01:14:37.398151,PEDIDOS,SUCCESS
"b'{""message_id"":1}'",2023-02-26 01:14:38.751479,CLIENTES,SUCCESS
"b'{""message_id"":1}'",2023-02-26 01:14:40.111534,CLIENTES,SUCCESS
"b'{""message_id"":1}'",2023-02-26 01:14:41.452746,CLIENTES,SUCCESS
"b'{""message_id"":1}'",2023-02-26 01:14:42.800265,CLIENTES,SUCCESS
"b'{""message_id"":1}'",2023-02-26 01:14:44.233033,CLIENTES,SUCCESS
"b'{""message_id"":1}'",2023-02-26 01:14:45.622953,PEDIDOS,SUCCESS
"b'{""message_id"":1}'",2023-02-26 01:14:46.961109,CLIENTES,SUCCESS
b'Server Error',2023-02-26 01:14:48.306163,CLIENTES,ERROR
b'Server Error',2023-02-26 01:14:49.679131,PEDIDOS,ERROR
"b'{""message_id"":1}'",2023-02-26 01:14:51.038464,PEDIDOS,SUCCESS
"b'{""message_id"":1}'",2023-02-26 01:14:52.400846,CLIENTES,SUCCESS
"b'{""message_id"":1}'",2023-02-26 01:14:53.749476,CLIENTES,SUCCESS
b'Server Error',2023-02-26 01:14:55.099612,PEDIDOS,ERROR
"b'{""message_id"":1}'",2023-02-26 01:14:56.448676,PEDIDOS,SUCCESS
"b'{""message_id"":1}'",2023-02-26 01:14:57.814078,CLIENTES,SUCCESS
"b'{""message_id"":1}'",2023-02-26 01:14:59.168247,PEDIDOS,SUCCESS
"b'{""message_id"":1}'",2023-02-26 01:15:00.605909,CLIENTES,SUCCESS
"b'{""message_id"":1}'",2023-02-26 01:15:01.976310,PEDIDOS,SUCCESS
"b'{""message_id"":1}'",2023-02-26 01:15:03.325253,PEDIDOS,SUCCESS
"b'{""message_id"":1}'",2023-02-26 01:15:04.695178,CLIENTES,SUCCESS
"b'{""message_id"":1}'",2023-02-26 01:15:06.045326,CLIENTES,SUCCESS
"b'{""message_id"":1}'",2023-02-26 01:15:07.412212,CLIENTES,SUCCESS
"b'{""message_id"":1}'",2023-02-26 01:15:08.754596,PEDIDOS,SUCCESS
b'Server Error',2023-02-26 01:15:10.104774,CLIENTES,ERROR
"b'{""message_id"":1}'",2023-02-26 01:15:11.477727,PEDIDOS,SUCCESS
"b'{""message_id"":1}'",2023-02-26 01:15:12.832692,PEDIDOS,SUCCESS
b'Server Error',2023-02-26 01:15:14.182152,PEDIDOS,ERROR
"b'{""message_id"":1}'",2023-02-26 01:15:15.550385,CLIENTES,SUCCESS
"b'{""message_id"":1}'",2023-02-26 01:15:16.899492,CLIENTES,SUCCESS
"b'{""message_id"":1}'",2023-02-26 01:15:18.243103,CLIENTES,SUCCESS
b'Server Error',2023-02-26 01:15:19.592254,CLIENTES,ERROR
"b'{""message_id"":1}'",2023-02-26 01:15:20.961643,PEDIDOS,SUCCESS
"b'{""message_id"":1}'",2023-02-26 01:15:22.323745,CLIENTES,SUCCESS
"b'{""message_id"":1}'",2023-02-26 01:15:23.675233,CLIENTES,SUCCESS
"b'{""message_id"":1}'",2023-02-26 01:15:25.030408,PEDIDOS,SUCCESS
"b'{""message_id"":1}'",2023-02-26 01:15:26.391840,PEDIDOS,SUCCESS
"b'{""message_id"":1}'",2023-02-26 01:15:27.731200,CLIENTES,SUCCESS
b'Server Error',2023-02-26 01:15:29.080021,PEDIDOS,ERROR
"b'{""message_id"":1}'",2023-02-26 01:15:30.439222,CLIENTES,SUCCESS
b'Server Error',2023-02-26 01:15:31.791853,CLIENTES,ERROR
"b'{""message_id"":1}'",2023-02-26 01:15:33.162621,CLIENTES,SUCCESS
"b'{""message_id"":1}'",2023-02-26 01:15:34.563596,CLIENTES,SUCCESS
"b'{""message_id"":1}'",2023-02-26 01:15:35.913135,CLIENTES,SUCCESS
"b'{""message_id"":1}'",2023-02-26 01:15:37.327803,CLIENTES,SUCCESS
"b'{""message_id"":1}'",2023-02-26 01:15:38.665922,CLIENTES,SUCCESS
b'Server Error',2023-02-26 01:15:40.018354,PEDIDOS,ERROR
"b'{""message_id"":1}'",2023-02-26 01:15:41.370677,CLIENTES,SUCCESS
b'Server Error',2023-02-26 01:15:42.722213,CLIENTES,ERROR
"b'{""message_id"":1}'",2023-02-26 01:15:44.072102,PEDIDOS,SUCCESS
"b'{""message_id"":1}'",2023-02-26 01:15:45.511084,CLIENTES,SUCCESS
"b'{""message_id"":1}'",2023-02-26 01:15:46.871714,PEDIDOS,SUCCESS
"b'{""message_id"":1}'",2023-02-26 01:15:48.222827,CLIENTES,SUCCESS
"b'{""message_id"":1}'",2023-02-26 01:15:49.624603,CLIENTES,SUCCESS
"b'{""message_id"":1}'",2023-02-26 01:15:50.990233,PEDIDOS,SUCCESS
"b'{""message_id"":1}'",2023-02-26 01:15:52.327238,PEDIDOS,SUCCESS
"b'{""message_id"":1}'",2023-02-26 01:15:53.665075,PEDIDOS,SUCCESS
b'Server Error',2023-02-26 01:15:55.012911,PEDIDOS,ERROR
"b'{""message_id"":1}'",2023-02-26 01:15:56.403978,PEDIDOS,SUCCESS
"b'{""message_id"":1}'",2023-02-26 01:15:57.768073,CLIENTES,SUCCESS
"b'{""message_id"":1}'",2023-02-26 01:15:59.120047,CLIENTES,SUCCESS
"b'{""message_id"":1}'",2023-02-26 01:16:00.574723,PEDIDOS,SUCCESS
"b'{""message_id"":1}'",2023-02-26 01:16:01.919610,PEDIDOS,SUCCESS
"b'{""message_id"":1}'",2023-02-26 01:16:03.281015,CLIENTES,SUCCESS
"b'{""message_id"":1}'",2023-02-26 01:16:04.718009,CLIENTES,SUCCESS
"b'{""message_id"":1}'",2023-02-26 01:16:06.069020,PEDIDOS,SUCCESS
"b'{""message_id"":1}'",2023-02-26 01:16:07.420516,CLIENTES,SUCCESS
b'Server Error',2023-02-26 01:16:08.780673,CLIENTES,ERROR
"b'{""message_id"":1}'",2023-02-26 01:16:10.130617,CLIENTES,SUCCESS
"b'{""message_id"":1}'",2023-02-26 01:16:11.463036,CLIENTES,SUCCESS
"b'{""message_id"":1}'",2023-02-26 01:16:12.808927,CLIENTES,SUCCESS
"b'{""message_id"":1}'",2023-02-26 01:16:14.148235,PEDIDOS,SUCCESS
b'Server Error',2023-02-26 01:16:15.608161,CLIENTES,ERROR
"b'{""message_id"":1}'",2023-02-26 01:16:16.970479,PEDIDOS,SUCCESS
"b'{""message_id"":1}'",2023-02-26 01:16:18.328073,CLIENTES,SUCCESS
"b'{""message_id"":1}'",2023-02-26 01:16:19.694173,PEDIDOS,SUCCESS
"b'{""message_id"":1}'",2023-02-26 01:16:21.043816,PEDIDOS,SUCCESS
b'Server Error',2023-02-26 01:16:22.395139,CLIENTES,ERROR
"b'{""message_id"":1}'",2023-02-26 01:16:23.742908,CLIENTES,SUCCESS
"b'{""message_id"":1}'",2023-02-26 01:16:25.084798,CLIENTES,SUCCESS
"b'{""message_id"":1}'",2023-02-26 01:16:26.454544,PEDIDOS,SUCCESS
"b'{""message_id"":1}'",2023-02-26 01:16:27.811820,PEDIDOS,SUCCESS
"b'{""message_id"":1}'",2023-02-26 01:16:29.179844,CLIENTES,SUCCESS
"b'{""message_id"":1}'",2023-02-26 01:16:30.548783,CLIENTES,SUCCESS
"b'{""message_id"":1}'",2023-02-26 01:16:31.912266,CLIENTES,SUCCESS
"b'{""message_id"":1}'",2023-02-26 01:16:33.261069,PEDIDOS,SUCCESS
"b'{""message_id"":1}'",2023-02-26 01:16:34.638523,CLIENTES,SUCCESS
b'Server Error',2023-02-26 01:16:35.992126,CLIENTES,ERROR
"b'{""message_id"":1}'",2023-02-26 01:16:37.361924,CLIENTES,SUCCESS
"b'{""message_id"":1}'",2023-02-26 01:16:38.708430,CLIENTES,SUCCESS
b'Server Error',2023-02-26 01:16:40.065830,PEDIDOS,ERROR
"b'{""message_id"":1}'",2023-02-26 01:16:41.435492,CLIENTES,SUCCESS
"b'{""message_id"":1}'",2023-02-26 01:16:42.774917,PEDIDOS,SUCCESS
"b'{""message_id"":1}'",2023-02-26 01:16:44.126298,PEDIDOS,SUCCESS
"b'{""message_id"":1}'",2023-02-26 01:16:45.509598,CLIENTES,SUCCESS
"b'{""message_id"":1}'",2023-02-26 01:16:46.859531,PEDIDOS,SUCCESS
"b'{""message_id"":1}'",2023-02-26 01:16:48.212948,CLIENTES,SUCCESS
"b'{""message_id"":1}'",2023-02-26 01:16:49.585142,CLIENTES,SUCCESS
"b'{""message_id"":1}'",2023-02-26 01:16:50.940935,CLIENTES,SUCCESS
b'Server Error',2023-02-26 01:16:52.306601,PEDIDOS,ERROR
b'Server Error',2023-02-26 01:16:53.651404,PEDIDOS,ERROR
b'Server Error',2023-02-26 01:16:55.011104,PEDIDOS,ERROR
"b'{""message_id"":1}'",2023-02-26 01:16:56.353646,PEDIDOS,SUCCESS
"b'{""message_id"":1}'",2023-02-26 01:16:57.713573,CLIENTES,SUCCESS
"b'{""message_id"":1}'",2023-02-26 01:16:59.074552,CLIENTES,SUCCESS
b'Server Error',2023-02-26 01:17:00.434733,CLIENTES,ERROR
b'Server Error',2023-02-26 01:17:01.784988,PEDIDOS,ERROR
"b'{""message_id"":1}'",2023-02-26 01:17:03.157506,CLIENTES,SUCCESS
"b'{""message_id"":1}'",2023-02-26 01:17:04.549295,PEDIDOS,SUCCESS
"b'{""message_id"":1}'",2023-02-26 01:17:05.917624,PEDIDOS,SUCCESS
"b'{""message_id"":1}'",2023-02-26 01:17:07.306018,CLIENTES,SUCCESS
"b'{""message_id"":1}'",2023-02-26 01:17:08.645704,PEDIDOS,SUCCESS
"b'{""message_id"":1}'",2023-02-26 01:17:10.067887,PEDIDOS,SUCCESS
b'Server Error',2023-02-26 01:17:11.417850,CLIENTES,ERROR
b'Server Error',2023-02-26 01:17:12.769170,PEDIDOS,ERROR
"b'{""message_id"":1}'",2023-02-26 01:17:14.115483,CLIENTES,SUCCESS
"b'{""message_id"":1}'",2023-02-26 01:17:15.482860,CLIENTES,SUCCESS
"b'{""message_id"":1}'",2023-02-26 01:17:16.843125,PEDIDOS,SUCCESS
"b'{""message_id"":1}'",2023-02-26 01:17:18.178383,CLIENTES,SUCCESS
"b'{""message_id"":1}'",2023-02-26 01:17:19.582383,CLIENTES,SUCCESS
"b'{""message_id"":1}'",2023-02-26 01:17:20.921653,CLIENTES,SUCCESS
"b'{""message_id"":1}'",2023-02-26 01:17:22.288336,CLIENTES,SUCCESS
"b'{""message_id"":1}'",2023-02-26 01:17:23.648539,CLIENTES,SUCCESS
"b'{""message_id"":1}'",2023-02-26 01:17:25.017838,PEDIDOS,SUCCESS
"b'{""message_id"":1}'",2023-02-26 01:17:26.389089,PEDIDOS,SUCCESS
"b'{""message_id"":1}'",2023-02-26 01:17:27.759942,CLIENTES,SUCCESS
"b'{""message_id"":1}'",2023-02-26 01:17:29.094374,CLIENTES,SUCCESS
"b'{""message_id"":1}'",2023-02-26 01:17:30.456310,PEDIDOS,SUCCESS
"b'{""message_id"":1}'",2023-02-26 01:17:31.822887,PEDIDOS,SUCCESS
"b'{""message_id"":1}'",2023-02-26 01:17:33.188531,PEDIDOS,SUCCESS
"b'{""message_id"":1}'",2023-02-26 01:17:34.569018,CLIENTES,SUCCESS
"b'{""message_id"":1}'",2023-02-26 01:17:35.916735,CLIENTES,SUCCESS
